Wall time,Step,Value
1732781932.5715818,45000,0.0005713657010346651
1732784410.4311502,90637,0.00044646000606007874
1732787754.0304499,175911,0.000495336833409965
1732790124.0550568,250548,0.0005025198333896697
1732793181.749376,300185,0.000496231543365866
1732795589.8077261,350822,0.0004882074426859617
1732798055.840245,400459,0.0004707919724751264
