Wall time,Step,Value
1733114447.599882,105570,0.0003055991546716541
1733117231.689127,157855,0.0008280999027192593
1733119900.187967,208855,0.0005433835322037339
1733122619.7197928,261140,0.0005123374867253006
1733127729.5957491,313425,0.0006054555415175855
1733131114.3305972,365710,0.00041566608706489205
