Wall time,Step,Value
1732942745.054229,102637,0.0002196273417212069
1732951206.998802,155911,0.00013675451918970793
1732959036.2303832,207548,0.0003261215169914067
1732962123.273598,259185,0.000165509496582672
1732965302.9116201,309185,0.0002303258515894413
